Gender,Age
Female,49.75355450236967
Male,42.73692551505547
